7.07107,7.07107,0,0.785398,0,0
7.07205,7.07009,0.1,0.785259,-0.00138734,-0.0138734
7.07401,7.06812,0.2,0.784982,-0.00277488,-0.0138754
7.07695,7.06518,0.3,0.784566,-0.0041628,-0.0138792
7.08087,7.06125,0.4,0.784011,-0.0055513,-0.013885
7.08577,7.05633,0.5,0.783316,-0.00694057,-0.0138927
7.09165,7.05043,0.6,0.782483,-0.00833079,-0.0139023
7.0985,7.04353,0.7,0.781511,-0.00972218,-0.0139138
7.10632,7.03564,0.8,0.7804,-0.0111149,-0.0139273
7.11512,7.02674,0.9,0.779149,-0.0125092,-0.0139426
7.12488,7.01684,1,0.777758,-0.0139051,-0.0139599
7.13561,7.00593,1.1,0.776228,-0.0153031,-0.013979
7.1473,6.994,1.2,0.774558,-0.0167031,-0.0140001
7.15996,6.98105,1.3,0.772747,-0.0181054,-0.014023
7.17356,6.96707,1.4,0.770796,-0.0195101,-0.0140478
7.18812,6.95204,1.5,0.768704,-0.0209176,-0.0140745
7.20362,6.93598,1.6,0.766472,-0.0223279,-0.0141031
7.22007,6.91886,1.7,0.764097,-0.0237413,-0.0141335
7.23745,6.90067,1.8,0.761582,-0.0251578,-0.0141658
7.25577,6.88141,1.9,0.758924,-0.0265778,-0.0141999
7.27501,6.86107,2,0.756124,-0.0280014,-0.0142358
7.29517,6.83963,2.1,0.753181,-0.0294288,-0.0142736
7.31624,6.81708,2.2,0.750095,-0.0308601,-0.0143131
7.33822,6.79342,2.3,0.746865,-0.0322955,-0.0143545
7.3611,6.76862,2.4,0.743492,-0.0337353,-0.0143976
7.38486,6.74269,2.5,0.739974,-0.0351795,-0.0144425
7.40951,6.71559,2.6,0.736311,-0.0366284,-0.0144891
7.43503,6.68733,2.7,0.732503,-0.0380822,-0.0145375
7.46141,6.65787,2.8,0.728549,-0.0395409,-0.0145875
7.48865,6.62722,2.9,0.724448,-0.0410049,-0.0146393
7.51673,6.59536,3,0.720201,-0.0424741,-0.0146927
7.54565,6.56226,3.1,0.715806,-0.0439489,-0.0147478
7.57538,6.52791,3.2,0.711263,-0.0454294,-0.0148046
7.60592,6.4923,3.3,0.706571,-0.0469157,-0.0148629
7.63726,6.4554,3.4,0.701731,-0.048408,-0.0149228
7.66938,6.41721,3.5,0.69674,-0.0499064,-0.0149843
7.70227,6.37769,3.6,0.691599,-0.0514111,-0.0150473
7.73592,6.33684,3.7,0.686307,-0.0529223,-0.0151119
7.7703,6.29463,3.8,0.680863,-0.0544401,-0.0151779
7.80541,6.25105,3.9,0.675266,-0.0559646,-0.0152453
7.84122,6.20607,4,0.669516,-0.057496,-0.0153142
7.87772,6.15967,4.1,0.663613,-0.0590345,-0.0153845
7.91489,6.11184,4.2,0.657555,-0.0605801,-0.0154561
7.95271,6.06254,4.3,0.651342,-0.062133,-0.015529
7.99116,6.01176,4.4,0.644972,-0.0636933,-0.0156032
8.03023,5.95948,4.5,0.638446,-0.0652612,-0.0156787
8.06988,5.90568,4.6,0.631763,-0.0668367,-0.0157553
8.1101,5.85033,4.7,0.624921,-0.06842,-0.0158331
8.15086,5.79341,4.8,0.617919,-0.0700112,-0.015912
8.19213,5.73489,4.9,0.610758,-0.0716104,-0.015992
8.2339,5.67476,5,0.603437,-0.0732177,-0.016073
8.27614,5.61298,5.1,0.595953,-0.0748332,-0.0161549
8.31881,5.54954,5.2,0.588308,-0.076457,-0.0162378
8.36189,5.48441,5.3,0.580499,-0.0780891,-0.0163215
8.40535,5.41757,5.4,0.572526,-0.0797297,-0.016406
8.44916,5.34899,5.5,0.564388,-0.0813789,-0.0164913
8.49329,5.27864,5.6,0.556084,-0.0830366,-0.0165773
8.53769,5.20652,5.7,0.547614,-0.084703,-0.0166638
8.58235,5.13258,5.8,0.538976,-0.0863781,-0.016751
8.62721,5.0568,5.9,0.53017,-0.0880619,-0.0168386
8.67225,4.97916,6,0.521194,-0.0897546,-0.0169266
8.71742,4.89964,6.1,0.512049,-0.0914561,-0.017015
8.76269,4.81821,6.2,0.502732,-0.0931665,-0.0171036
8.80802,4.73485,6.3,0.493244,-0.0948857,-0.0171924
8.85335,4.64954,6.4,0.483582,-0.0966138,-0.0172813
8.89865,4.56224,6.5,0.473747,-0.0983509,-0.0173703
8.94387,4.47294,6.6,0.463737,-0.100097,-0.0174592
8.98896,4.38161,6.7,0.453552,-0.101852,-0.0175479
9.03388,4.28824,6.8,0.443191,-0.103615,-0.0176363
9.07857,4.1928,6.9,0.432652,-0.105388,-0.0177245
9.12298,4.09527,7,0.421935,-0.107169,-0.0178122
9.16706,3.99562,7.1,0.411039,-0.108959,-0.0178993
9.21075,3.89385,7.2,0.399964,-0.110757,-0.0179858
9.254,3.78992,7.3,0.388707,-0.112565,-0.0180715
9.29674,3.68383,7.4,0.377269,-0.11438,-0.0181563
9.33892,3.57555,7.5,0.365649,-0.116204,-0.0182402
9.38047,3.46507,7.6,0.353845,-0.118036,-0.018323
9.42134,3.35238,7.7,0.341857,-0.119877,-0.0184045
9.46144,3.23745,7.8,0.329685,-0.121725,-0.0184847
9.50073,3.12028,7.9,0.317327,-0.123582,-0.0185634
9.53912,3.00085,8,0.304782,-0.125446,-0.0186404
9.57656,2.87916,8.1,0.29205,-0.127317,-0.0187158
9.61295,2.7552,8.2,0.279131,-0.129196,-0.0187892
9.64824,2.62896,8.3,0.266022,-0.131082,-0.0188606
9.68235,2.50043,8.4,0.252725,-0.132975,-0.0189299
9.71519,2.36962,8.5,0.239237,-0.134875,-0.0189968
9.74669,2.23652,8.6,0.225559,-0.136781,-0.0190612
9.77677,2.10112,8.7,0.21169,-0.138693,-0.019123
9.80535,1.96345,8.8,0.197629,-0.140612,-0.019182
9.83234,1.82349,8.9,0.183375,-0.142535,-0.0192381
9.85765,1.68127,9,0.168929,-0.144465,-0.019291
9.88121,1.53678,9.1,0.154289,-0.146399,-0.0193407
9.90292,1.39004,9.2,0.139455,-0.148337,-0.0193869
9.92269,1.24106,9.3,0.124427,-0.15028,-0.0194295
9.94043,1.08988,9.4,0.109205,-0.152227,-0.0194683
9.95605,0.936493,9.5,0.0937868,-0.154177,-0.0195031
9.96946,0.780941,9.6,0.0781737,-0.156131,-0.0195338
9.98056,0.623246,9.7,0.062365,-0.158087,-0.0195601
9.98926,0.463439,9.8,0.0463605,-0.160045,-0.0195819
9.99545,0.301555,9.9,0.03016,-0.162005,-0.0195989
9.99905,0.13763,10,0.0137635,-0.163966,-0.0196111
9.99996,-0.0282932,10.1,-0.00282932,-0.165928,-0.0196181
9.99808,-0.19617,10.2,-0.0196183,-0.16789,-0.0196199
9.9933,-0.365953,10.3,-0.0366034,-0.169851,-0.0196162
9.98554,-0.537587,10.4,-0.0537846,-0.171812,-0.0196069
9.97469,-0.711017,10.5,-0.0711618,-0.173771,-0.0195916
9.96066,-0.886182,10.6,-0.0887346,-0.175728,-0.0195703
9.94334,-1.06302,10.7,-0.106503,-0.177683,-0.0195428
9.92264,-1.24145,10.8,-0.124466,-0.179633,-0.0195088
9.89846,-1.42141,10.9,-0.142624,-0.18158,-0.0194682
9.87071,-1.60282,11,-0.160976,-0.183522,-0.0194208
9.83929,-1.7856,11.1,-0.179522,-0.185459,-0.0193663
9.80411,-1.96965,11.2,-0.198261,-0.187389,-0.0193047
9.76506,-2.15489,11.3,-0.217193,-0.189313,-0.0192357
9.72207,-2.34122,11.4,-0.236315,-0.191229,-0.0191591
9.67504,-2.52854,11.5,-0.255629,-0.193136,-0.0190747
9.62389,-2.71675,11.6,-0.275133,-0.195035,-0.0189824
9.56853,-2.90572,11.7,-0.294825,-0.196923,-0.0188821
9.50888,-3.09536,11.8,-0.314705,-0.1988,-0.0187735
9.44485,-3.28553,11.9,-0.334771,-0.200666,-0.0186564
9.37638,-3.47612,12,-0.355023,-0.202519,-0.0185308
9.30339,-3.667,12.1,-0.375459,-0.204359,-0.0183965
9.22581,-3.85803,12.2,-0.396078,-0.206184,-0.0182533
9.14358,-4.04907,12.3,-0.416877,-0.207994,-0.018101
9.05663,-4.23998,12.4,-0.437856,-0.209788,-0.0179397
8.96491,-4.43063,12.5,-0.459012,-0.211565,-0.0177691
8.86836,-4.62085,12.6,-0.480345,-0.213324,-0.0175891
8.76694,-4.81049,12.7,-0.501851,-0.215064,-0.0173997
8.6606,-4.9994,12.8,-0.523529,-0.216784,-0.0172007
8.54931,-5.18741,12.9,-0.545378,-0.218483,-0.0169921
8.43305,-5.37436,13,-0.567394,-0.22016,-0.0167738
8.31177,-5.56008,13.1,-0.589575,-0.221815,-0.0165456
8.18547,-5.7444,13.2,-0.61192,-0.223446,-0.0163077
8.05413,-5.92714,13.3,-0.634425,-0.225052,-0.0160599
7.91774,-6.10814,13.4,-0.657088,-0.226632,-0.0158022
7.77631,-6.2872,13.5,-0.679907,-0.228185,-0.0155346
7.62985,-6.46416,13.6,-0.702878,-0.229711,-0.0152571
7.47837,-6.63883,13.7,-0.725999,-0.231208,-0.0149698
7.32189,-6.81102,13.8,-0.749266,-0.232675,-0.0146726
7.16044,-6.98055,13.9,-0.772677,-0.234112,-0.0143655
6.99407,-7.14724,14,-0.796229,-0.235517,-0.0140488
6.82281,-7.3109,14.1,-0.819918,-0.236889,-0.0137224
6.64673,-7.47135,14.2,-0.843741,-0.238228,-0.0133864
6.46587,-7.6284,14.3,-0.867694,-0.239532,-0.0130409
6.28033,-7.78187,14.4,-0.891774,-0.2408,-0.012686
6.09016,-7.93158,14.5,-0.915977,-0.242033,-0.012322
5.89546,-8.07735,14.6,-0.9403,-0.243227,-0.0119489
5.69632,-8.219,14.7,-0.964738,-0.244384,-0.0115669
5.49285,-8.35635,14.8,-0.989288,-0.245502,-0.0111762
5.28515,-8.48924,14.9,-1.01395,-0.246579,-0.010777
5.07334,-8.61749,15,-1.03871,-0.247616,-0.0103695
4.85755,-8.74095,15.1,-1.06357,-0.248612,-0.00995389
4.63792,-8.85944,15.2,-1.08853,-0.249565,-0.00953052
4.41458,-8.97282,15.3,-1.11357,-0.250475,-0.0090996
4.18769,-9.08093,15.4,-1.13871,-0.251341,-0.00866141
3.95739,-9.18363,15.5,-1.16392,-0.252163,-0.00821624
3.72386,-9.28078,15.6,-1.18922,-0.252939,-0.00776441
3.48726,-9.37225,15.7,-1.21458,-0.25367,-0.00730622
3.24778,-9.4579,15.8,-1.24002,-0.254354,-0.00684201
3.00558,-9.53764,15.9,-1.26552,-0.254991,-0.00637214
2.76086,-9.61133,16,-1.29108,-0.255581,-0.00589694
2.51381,-9.67888,16.1,-1.31669,-0.256122,-0.00541681
2.26464,-9.7402,16.2,-1.34235,-0.256616,-0.0049321
2.01354,-9.79519,16.3,-1.36806,-0.25706,-0.00444322
1.76071,-9.84377,16.4,-1.3938,-0.257455,-0.00395056
1.50638,-9.88589,16.5,-1.41958,-0.2578,-0.00345452
1.25076,-9.92147,16.6,-1.44539,-0.258096,-0.00295553
0.994059,-9.95047,16.7,-1.47123,-0.258341,-0.00245399
0.736499,-9.97284,16.8,-1.49708,-0.258536,-0.00195034
0.478303,-9.98855,16.9,-1.52295,-0.258681,-0.00144501
0.219693,-9.99759,17,-1.54883,-0.258775,-0.000938431
-0.0391067,-9.99992,17.1,-1.57471,-0.258818,-0.000431038
-0.297873,-9.99556,17.2,-1.60059,-0.25881,7.67273e-05
-0.556381,-9.98451,17.3,-1.62646,-0.258752,0.000584427
-0.814408,-9.96678,17.4,-1.65233,-0.258643,0.00109162
-1.07173,-9.9424,17.5,-1.67818,-0.258483,0.00159787
-1.32813,-9.91141,17.6,-1.704,-0.258273,0.00210274
-1.58339,-9.87385,17.7,-1.7298,-0.258012,0.00260579
-1.83728,-9.82977,17.8,-1.75557,-0.257701,0.0031066
-2.08961,-9.77924,17.9,-1.78131,-0.257341,0.00360475
-2.34015,-9.72233,18,-1.807,-0.256931,0.00409981
-2.5887,-9.65912,18.1,-1.83265,-0.256472,0.00459137
-2.83507,-9.5897,18.2,-1.85825,-0.255964,0.00507903
-3.07904,-9.51417,18.3,-1.88379,-0.255408,0.0055624
-3.32044,-9.43264,18.4,-1.90927,-0.254803,0.00604108
-3.55908,-9.34521,18.5,-1.93468,-0.254152,0.00651471
-3.79476,-9.25201,18.6,-1.96003,-0.253454,0.00698291
-4.02733,-9.15317,18.7,-1.9853,-0.252709,0.00744533
-4.25662,-9.04882,18.8,-2.01049,-0.251919,0.00790163
-4.48245,-8.93911,18.9,-2.0356,-0.251084,0.00835149
-4.70469,-8.82417,19,-2.06062,-0.250204,0.00879458
-4.92317,-8.70416,19.1,-2.08555,-0.249281,0.0092306
-5.13777,-8.57924,19.2,-2.11038,-0.248315,0.00965927
-5.34835,-8.44957,19.3,-2.13511,-0.247307,0.0100803
-5.55478,-8.31531,19.4,-2.15973,-0.246258,0.0104935
-5.75696,-8.17664,19.5,-2.18425,-0.245168,0.0108985
-5.95477,-8.03373,19.6,-2.20866,-0.244039,0.0112952
-6.14811,-7.88675,19.7,-2.23294,-0.24287,0.0116833
-6.33689,-7.73588,19.8,-2.25711,-0.241664,0.0120626
-6.52103,-7.58131,19.9,-2.28115,-0.240421,0.012433
-6.70044,-7.42321,20,-2.30506,-0.239141,0.0127943
-6.87508,-7.26177,20.1,-2.32885,-0.237827,0.0131463
-7.04486,-7.09718,20.2,-2.3525,-0.236478,0.0134889
-7.20975,-6.92961,20.3,-2.376,-0.235096,0.013822
-7.3697,-6.75925,20.4,-2.39937,-0.233681,0.0141455
-7.52467,-6.5863,20.5,-2.4226,-0.232235,0.0144594
-7.67464,-6.41092,20.6,-2.44567,-0.230759,0.0147634
-7.81958,-6.23331,20.7,-2.4686,-0.229253,0.0150576
-7.95949,-6.05364,20.8,-2.49137,-0.227719,0.015342
-8.09435,-5.8721,20.9,-2.51399,-0.226157,0.0156165
-8.22417,-5.68886,21,-2.53644,-0.224569,0.0158811
-8.34895,-5.5041,21.1,-2.55874,-0.222955,0.0161358
-8.46871,-5.31799,21.2,-2.58087,-0.221317,0.0163806
-8.58347,-5.1307,21.3,-2.60284,-0.219656,0.0166156
-8.69325,-4.9424,21.4,-2.62463,-0.217972,0.0168408
-8.7981,-4.75325,21.5,-2.64626,-0.216266,0.0170562
-8.89804,-4.56342,21.6,-2.66771,-0.21454,0.0172619
-8.99313,-4.37306,21.7,-2.68899,-0.212794,0.017458
-9.08341,-4.18231,21.8,-2.7101,-0.21103,0.0176445
-9.16892,-3.99134,21.9,-2.73102,-0.209248,0.0178216
-9.24975,-3.80029,22,-2.75176,-0.207449,0.0179894
-9.32593,-3.60929,22.1,-2.77233,-0.205634,0.018148
-9.39755,-3.41849,22.2,-2.79271,-0.203804,0.0182975
-9.46467,-3.22801,22.3,-2.8129,-0.20196,0.018438
-9.52736,-3.03799,22.4,-2.83292,-0.200103,0.0185697
-9.58571,-2.84854,22.5,-2.85274,-0.198234,0.0186927
-9.63979,-2.65979,22.6,-2.87237,-0.196353,0.0188072
-9.68969,-2.47184,22.7,-2.89182,-0.194462,0.0189133
-9.73548,-2.2848,22.8,-2.91108,-0.192561,0.0190112
-9.77727,-2.09879,22.9,-2.93014,-0.190651,0.019101
-9.81514,-1.9139,23,-2.94901,-0.188732,0.019183
-9.84918,-1.73022,23.1,-2.9677,-0.186807,0.0192573
-9.87948,-1.54785,23.2,-2.98618,-0.184874,0.0193241
-9.90614,-1.36687,23.3,-3.00448,-0.182936,0.0193835
-9.92926,-1.18737,23.4,-3.02258,-0.180992,0.0194359
-9.94892,-1.00941,23.5,-3.04048,-0.179044,0.0194812
-9.96524,-0.83307,23.6,-3.05819,-0.177092,0.0195198
-9.9783,-0.658423,23.7,-3.0757,-0.175137,0.0195518
-9.98821,-0.485529,23.8,-3.09302,-0.173179,0.0195774
-9.99505,-0.314448,23.9,-3.11014,-0.17122,0.0195969
-9.99895,-0.145237,24,-3.12707,-0.169259,0.0196103
-9.99998,0.0220552,24.1,-3.1438,-0.167297,0.0196179
-9.99824,0.187379,24.2,-3.16033,-0.165335,0.01962
-9.99385,0.350691,24.3,-3.17667,-0.163373,0.0196166
-9.98689,0.511952,24.4,-3.19281,-0.161412,0.0196079
-9.97745,0.671124,24.5,-3.20876,-0.159453,0.0195943
-9.96565,0.828175,24.6,-3.22451,-0.157495,0.0195758
-9.95156,0.983074,24.7,-3.24006,-0.15554,0.0195526
-9.93529,1.1358,24.8,-3.25542,-0.153588,0.019525
-9.91692,1.28632,24.9,-3.27058,-0.151638,0.019493
-9.89656,1.43462,25,-3.28555,-0.149693,0.019457
-9.87428,1.58068,25.1,-3.30033,-0.147751,0.019417
-9.85019,1.72448,25.2,-3.31491,-0.145814,0.0193733
-9.82435,1.86603,25.3,-3.3293,-0.143881,0.0193261
-9.79688,2.00529,25.4,-3.34349,-0.141953,0.0192754
-9.76784,2.14228,25.5,-3.35749,-0.140031,0.0192215
-9.73732,2.27698,25.6,-3.37131,-0.138115,0.0191645
-9.7054,2.40939,25.7,-3.38493,-0.136204,0.0191046
-9.67217,2.53951,25.8,-3.39836,-0.1343,0.019042
-9.6377,2.66735,25.9,-3.4116,-0.132403,0.0189768
-9.60207,2.7929,26,-3.42465,-0.130512,0.0189092
-9.56535,2.91618,26.1,-3.43751,-0.128628,0.0188393
-9.52762,3.03718,26.2,-3.45019,-0.126751,0.0187672
-9.48895,3.15592,26.3,-3.46267,-0.124882,0.0186932
-9.44941,3.27241,26.4,-3.47498,-0.12302,0.0186173
-9.40906,3.38667,26.5,-3.48709,-0.121166,0.0185397
-9.36799,3.49869,26.6,-3.49902,-0.11932,0.0184606
-9.32624,3.6085,26.7,-3.51077,-0.117482,0.01838
-9.28388,3.71612,26.8,-3.52234,-0.115652,0.0182981
-9.24098,3.82156,26.9,-3.53372,-0.113831,0.018215
-9.19759,3.92483,27,-3.54492,-0.112018,0.0181308
-9.15378,4.02596,27.1,-3.55594,-0.110213,0.0180457
-9.10959,4.12496,27.2,-3.56679,-0.108417,0.0179597
-9.06509,4.22186,27.3,-3.57745,-0.10663,0.017873
-9.02033,4.31668,27.4,-3.58793,-0.104851,0.0177857
-8.97535,4.40943,27.5,-3.59824,-0.103081,0.0176979
-8.93022,4.50014,27.6,-3.60837,-0.10132,0.0176096
-8.88497,4.58883,27.7,-3.61833,-0.0995682,0.0175211
-8.83965,4.67553,27.8,-3.62811,-0.097825,0.0174323
-8.79432,4.76025,27.9,-3.63772,-0.0960907,0.0173434
-8.74901,4.84302,28,-3.64716,-0.0943652,0.0172545
-8.70376,4.92387,28.1,-3.65642,-0.0926487,0.0171656
-8.65862,5.00282,28.2,-3.66552,-0.090941,0.0170768
-8.61363,5.07989,28.3,-3.67444,-0.0892422,0.0169882
-8.56883,5.15511,28.4,-3.6832,-0.0875522,0.0169
-8.52425,5.2285,28.5,-3.69178,-0.085871,0.016812
-8.47992,5.30009,28.6,-3.7002,-0.0841985,0.0167246
-8.43589,5.3699,28.7,-3.70846,-0.0825347,0.0166376
-8.39218,5.43795,28.8,-3.71655,-0.0808796,0.0165512
-8.34883,5.50427,28.9,-3.72447,-0.0792331,0.0164655
-8.30587,5.56889,29,-3.73223,-0.077595,0.0163804
-8.26333,5.63182,29.1,-3.73982,-0.0759654,0.0162961
-8.22123,5.6931,29.2,-3.74726,-0.0743442,0.0162126
-8.17961,5.75274,29.3,-3.75453,-0.0727312,0.0161301
-8.13848,5.81077,29.4,-3.76164,-0.0711263,0.0160484
-8.09788,5.86722,29.5,-3.7686,-0.0695295,0.0159677
-8.05784,5.9221,29.6,-3.77539,-0.0679407,0.015888
-8.01836,5.97544,29.7,-3.78203,-0.0663598,0.0158095
-7.97948,6.02727,29.8,-3.78851,-0.0647866,0.015732
-7.94121,6.07759,29.9,-3.79483,-0.063221,0.0156557
-7.90359,6.12644,30,-3.80099,-0.061663,0.0155807
-7.86662,6.17384,30.1,-3.80701,-0.0601123,0.0155068
-7.83032,6.21981,30.2,-3.81286,-0.0585688,0.0154343
-7.79472,6.26437,30.3,-3.81857,-0.0570325,0.0153631
-7.75983,6.30753,30.4,-3.82412,-0.0555032,0.0152932
-7.72567,6.34933,30.5,-3.82951,-0.0539807,0.0152248
-7.69225,6.38978,30.6,-3.83476,-0.0524649,0.0151578
-7.65959,6.42889,30.7,-3.83986,-0.0509557,0.0150922
-7.62771,6.46669,30.8,-3.8448,-0.0494529,0.0150281
-7.59661,6.50319,30.9,-3.8496,-0.0479564,0.0149656
-7.56631,6.53842,31,-3.85424,-0.0464659,0.0149045
-7.53682,6.57239,31.1,-3.85874,-0.0449814,0.0148451
-7.50816,6.60511,31.2,-3.86309,-0.0435027,0.0147872
-7.48033,6.63661,31.3,-3.8673,-0.0420296,0.014731
-7.45335,6.6669,31.4,-3.87135,-0.0405619,0.0146764
-7.42723,6.69599,31.5,-3.87526,-0.0390996,0.0146235
-7.40197,6.7239,31.6,-3.87903,-0.0376424,0.0145722
-7.37759,6.75065,31.7,-3.88264,-0.0361901,0.0145227
-7.35409,6.77624,31.8,-3.88612,-0.0347426,0.0144748
-7.33148,6.80069,31.9,-3.88945,-0.0332997,0.0144287
-7.30978,6.82401,32,-3.89264,-0.0318613,0.0143844
-7.28898,6.84622,32.1,-3.89568,-0.0304271,0.0143418
-7.2691,6.86733,32.2,-3.89858,-0.028997,0.014301
-7.25014,6.88734,32.3,-3.90133,-0.0275708,0.014262
-7.2321,6.90628,32.4,-3.90395,-0.0261483,0.0142248
-7.215,6.92414,32.5,-3.90642,-0.0247294,0.0141894
-7.19884,6.94094,32.6,-3.90875,-0.0233138,0.0141558
-7.18362,6.95669,32.7,-3.91094,-0.0219014,0.0141241
-7.16935,6.9714,32.8,-3.91299,-0.020492,0.0140943
-7.15603,6.98507,32.9,-3.9149,-0.0190854,0.0140663
-7.14367,6.99771,33,-3.91667,-0.0176813,0.0140401
-7.13227,7.00933,33.1,-3.9183,-0.0162798,0.0140159
-7.12183,7.01994,33.2,-3.91979,-0.0148804,0.0139935
-7.11236,7.02953,33.3,-3.92113,-0.0134831,0.013973
-7.10386,7.03813,33.4,-3.92234,-0.0120877,0.0139544
-7.09633,7.04572,33.5,-3.92341,-0.0106939,0.0139378
-7.08977,7.05232,33.6,-3.92434,-0.00930158,0.013923
-7.08419,7.05792,33.7,-3.92513,-0.00791057,0.0139101
-7.07958,7.06254,33.8,-3.92579,-0.00652065,0.0138992
-7.07596,7.06617,33.9,-3.9263,-0.00513164,0.0138901
-7.07331,7.06882,34,-3.92667,-0.00374333,0.013883
-7.07165,7.07049,34.1,-3.92691,-0.00235555,0.0138778
-7.07096,7.07117,34.2,-3.92701,-0.000968091,0.0138746
-7.07126,7.07087,34.3,-3.92696,0.000419232,0.0138732
-7.07254,7.0696,34.4,-3.92678,0.00180661,0.0138738
-7.0748,7.06734,34.5,-3.92646,0.00319425,0.0138763
-7.07803,7.0641,34.6,-3.92601,0.00458232,0.0138808
-7.08225,7.05987,34.7,-3.92541,0.00597103,0.0138871
-7.08744,7.05465,34.8,-3.92467,0.00736057,0.0138954
-7.09362,7.04845,34.9,-3.9238,0.00875113,0.0139056
-7.10076,7.04125,35,-3.92278,0.0101429,0.0139177
-7.10888,7.03305,35.1,-3.92163,0.0115361,0.0139317
-7.11797,7.02385,35.2,-3.92034,0.0129308,0.0139476
-7.12802,7.01365,35.3,-3.9189,0.0143274,0.0139655
-7.13904,7.00243,35.4,-3.91733,0.0157259,0.0139852
-7.15103,6.99019,35.5,-3.91562,0.0171266,0.0140068
-7.16397,6.97693,35.6,-3.91377,0.0185296,0.0140303
-7.17786,6.96264,35.7,-3.91177,0.0199352,0.0140557
-7.19271,6.9473,35.8,-3.90964,0.0213435,0.014083
-7.2085,6.93092,35.9,-3.90736,0.0227547,0.0141121
-7.22523,6.91347,36,-3.90494,0.024169,0.0141431
-7.24289,6.89496,36.1,-3.90239,0.0255866,0.0141759
-7.26149,6.87538,36.2,-3.89969,0.0270076,0.0142106
-7.28101,6.8547,36.3,-3.89684,0.0284323,0.014247
-7.30144,6.83293,36.4,-3.89386,0.0298609,0.0142853
-7.32279,6.81005,36.5,-3.89073,0.0312934,0.0143254
-7.34504,6.78604,36.6,-3.88745,0.0327301,0.0143673
-7.36818,6.76091,36.7,-3.88404,0.0341712,0.014411
-7.39222,6.73462,36.8,-3.88047,0.0356169,0.0144564
-7.41713,6.70717,36.9,-3.87677,0.0370672,0.0145035
-7.44291,6.67855,37,-3.87292,0.0385225,0.0145524
-7.46956,6.64874,37.1,-3.86892,0.0399828,0.014603
-7.49705,6.61772,37.2,-3.86477,0.0414483,0.0146553
-7.52538,6.58548,37.3,-3.86048,0.0429192,0.0147092
-7.55455,6.55201,37.4,-3.85604,0.0443957,0.0147648
-7.58453,6.51728,37.5,-3.85145,0.0458779,0.014822
-7.61531,6.48128,37.6,-3.84672,0.047366,0.0148808
-7.64689,6.444,37.7,-3.84183,0.0488601,0.0149412
-7.67924,6.40541,37.8,-3.83679,0.0503604,0.0150032
-7.71236,6.36549,37.9,-3.83161,0.0518671,0.0150667
-7.74623,6.32423,38,-3.82627,0.0533803,0.0151317
-7.78083,6.28161,38.1,-3.82078,0.0549001,0.0151981
-7.81615,6.23761,38.2,-3.81514,0.0564267,0.015266
-7.85218,6.1922,38.3,-3.80934,0.0579602,0.0153353
-7.88888,6.14537,38.4,-3.80339,0.0595008,0.015406
-7.92625,6.09709,38.5,-3.79729,0.0610486,0.015478
-7.96427,6.04735,38.6,-3.79103,0.0626037,0.0155513
-8.0029,5.99613,38.7,-3.78461,0.0641663,0.0156259
-8.04215,5.94339,38.8,-3.77804,0.0657365,0.0157017
-8.08197,5.88912,38.9,-3.7713,0.0673144,0.0157787
-8.12236,5.83329,39,-3.76441,0.0689,0.0158568
-8.16328,5.77589,39.1,-3.75737,0.0704936,0.0159361
-8.2047,5.71689,39.2,-3.75016,0.0720953,0.0160163
-8.24662,5.65626,39.3,-3.74279,0.073705,0.0160976
-8.28899,5.59399,39.4,-3.73525,0.075323,0.0161799
-8.33179,5.53004,39.5,-3.72756,0.0769493,0.016263
-8.37499,5.46439,39.6,-3.7197,0.078584,0.016347
-8.41856,5.39703,39.7,-3.71168,0.0802272,0.0164317
-8.46246,5.32792,39.8,-3.70349,0.0818789,0.0165172
-8.50668,5.25704,39.9,-3.69513,0.0835393,0.0166034
-8.55116,5.18436,40,-3.68661,0.0852083,0.0166901
-8.59588,5.10987,40.1,-3.67793,0.086886,0.0167774
-8.64081,5.03354,40.2,-3.66907,0.0885725,0.0168651
-8.68589,4.95533,40.3,-3.66004,0.0902678,0.0169533
-8.7311,4.87524,40.4,-3.65084,0.091972,0.0170417
-8.77639,4.79323,40.5,-3.64148,0.0936851,0.0171304
-8.82172,4.70928,40.6,-3.63193,0.095407,0.0172193
-8.86705,4.62337,40.7,-3.62222,0.0971378,0.0173082
-8.91233,4.53547,40.8,-3.61233,0.0988775,0.0173971
-8.95751,4.44556,40.9,-3.60227,0.100626,0.017486
-9.00256,4.35362,41,-3.59203,0.102384,0.0175746
-9.04741,4.25962,41.1,-3.58162,0.10415,0.017663
-9.09202,4.16355,41.2,-3.57102,0.105925,0.017751
-9.13634,4.06538,41.3,-3.56025,0.107709,0.0178385
-9.18031,3.96509,41.4,-3.5493,0.109501,0.0179255
-9.22387,3.86267,41.5,-3.53817,0.111303,0.0180118
-9.26697,3.75809,41.6,-3.52686,0.113112,0.0180972
-9.30955,3.65134,41.7,-3.51537,0.11493,0.0181818
-9.35155,3.5424,41.8,-3.50369,0.116757,0.0182653
-9.3929,3.43125,41.9,-3.49183,0.118592,0.0183477
-9.43354,3.31788,42,-3.47979,0.120435,0.0184289
-9.47341,3.20228,42.1,-3.46756,0.122286,0.0185086
-9.51243,3.08443,42.2,-3.45515,0.124144,0.0185868
-9.55054,2.96432,42.3,-3.44255,0.126011,0.0186634
-9.58767,2.84194,42.4,-3.42976,0.127884,0.0187382
-9.62374,2.71729,42.5,-3.41678,0.129765,0.018811
-9.65868,2.59036,42.6,-3.40362,0.131654,0.0188818
-9.69241,2.46114,42.7,-3.39026,0.133549,0.0189503
-9.72485,2.32964,42.8,-3.37672,0.13545,0.0190165
-9.75594,2.19584,42.9,-3.36298,0.137358,0.0190802
-9.78557,2.05976,43,-3.34905,0.139272,0.0191411
-9.81368,1.9214,43.1,-3.33493,0.141192,0.0191993
-9.84017,1.78075,43.2,-3.32062,0.143118,0.0192544
-9.86496,1.63784,43.3,-3.30612,0.145048,0.0193064
-9.88797,1.49267,43.4,-3.29142,0.146984,0.0193551
-9.9091,1.34525,43.5,-3.27653,0.148924,0.0194002
-9.92827,1.19561,43.6,-3.26144,0.150868,0.0194417
-9.94538,1.04376,43.7,-3.24616,0.152816,0.0194793
-9.96034,0.889715,43.8,-3.23068,0.154767,0.0195128
-9.97306,0.733512,43.9,-3.21501,0.156722,0.0195422
-9.98344,0.575175,44,-3.19914,0.158678,0.0195671
-9.9914,0.414737,44.1,-3.18308,0.160637,0.0195875
-9.99682,0.252232,44.2,-3.16682,0.162597,0.0196031
-9.99962,0.0876986,44.3,-3.15036,0.164559,0.0196138
-9.99969,-0.0788201,44.4,-3.13371,0.166521,0.0196192
-9.99694,-0.247278,44.5,-3.11686,0.168483,0.0196194
-9.99128,-0.417626,44.6,-3.09982,0.170444,0.019614
-9.98259,-0.589809,44.7,-3.08258,0.172404,0.0196029
-9.97079,-0.76377,44.8,-3.06514,0.174363,0.0195858
-9.95577,-0.939446,44.9,-3.04751,0.176319,0.0195627
-9.93745,-1.11677,45,-3.02968,0.178272,0.0195332
-9.91571,-1.29568,45.1,-3.01166,0.180222,0.0194973
-9.89046,-1.47608,45.2,-2.99344,0.182168,0.0194546
-9.86161,-1.65791,45.3,-2.97503,0.184108,0.0194051
-9.82906,-1.84108,45.4,-2.95643,0.186043,0.0193485
-9.79272,-2.02551,45.5,-2.93763,0.187971,0.0192846
-9.75249,-2.21109,45.6,-2.91864,0.189893,0.0192133
-9.70829,-2.39773,45.7,-2.89946,0.191806,0.0191344
-9.66003,-2.58533,45.8,-2.88009,0.193711,0.0190477
-9.60761,-2.77378,45.9,-2.86053,0.195606,0.018953
-9.55096,-2.96296,46,-2.84078,0.197491,0.0188501
-9.48999,-3.15278,46.1,-2.82084,0.199365,0.018739
-9.42464,-3.34309,46.2,-2.80072,0.201227,0.0186194
-9.35481,-3.53378,46.3,-2.78041,0.203076,0.0184911
-9.28044,-3.72471,46.4,-2.75992,0.204912,0.0183541
-9.20146,-3.91576,46.5,-2.73925,0.206733,0.0182082
-9.1178,-4.10678,46.6,-2.71839,0.208538,0.0180533
-9.02942,-4.29763,46.7,-2.69736,0.210327,0.0178891
-8.93624,-4.48816,46.8,-2.67615,0.212098,0.0177157
-8.83822,-4.67822,46.9,-2.65477,0.213852,0.0175329
-8.73532,-4.86766,47,-2.63321,0.215586,0.0173406
-8.62749,-5.05632,47.1,-2.61148,0.2173,0.0171387
-8.51471,-5.24402,47.2,-2.58958,0.218992,0.0169271
-8.39693,-5.43062,47.3,-2.56751,0.220663,0.0167059
-8.27413,-5.61594,47.4,-2.54528,0.22231,0.0164748
-8.14631,-5.7998,47.5,-2.52289,0.223934,0.0162338
-8.01344,-5.98203,47.6,-2.50034,0.225532,0.0159831
-7.87554,-6.16246,47.7,-2.47763,0.227104,0.0157224
-7.73258,-6.34091,47.8,-2.45476,0.228649,0.0154518
-7.5846,-6.51719,47.9,-2.43174,0.230167,0.0151713
-7.43161,-6.69113,48,-2.40858,0.231655,0.014881
-7.27362,-6.86254,48.1,-2.38527,0.233113,0.0145808
-7.11068,-7.03123,48.2,-2.36181,0.23454,0.0142709
-6.94283,-7.19702,48.3,-2.33822,0.235935,0.0139512
-6.77011,-7.35973,48.4,-2.31449,0.237297,0.0136218
-6.59257,-7.51917,48.5,-2.29063,0.238625,0.013283
-6.4103,-7.67516,48.6,-2.26664,0.239919,0.0129346
-6.22334,-7.82752,48.7,-2.24252,0.241177,0.012577
-6.0318,-7.97605,48.8,-2.21828,0.242398,0.0122102
-5.83574,-8.1206,48.9,-2.19392,0.243581,0.0118344
-5.63528,-8.26097,49,-2.16945,0.244726,0.0114497
-5.43052,-8.39699,49.1,-2.14486,0.245832,0.0110564
-5.22157,-8.52849,49.2,-2.12017,0.246897,0.0106547
-5.00855,-8.65531,49.3,-2.09538,0.247922,0.0102447
-4.79158,-8.77729,49.4,-2.07049,0.248904,0.00982677
-4.57081,-8.89425,49.5,-2.04551,0.249844,0.00940108
-4.34638,-9.00605,49.6,-2.02043,0.250741,0.00896794
-4.11845,-9.11254,49.7,-1.99527,0.251594,0.00852761
-3.88716,-9.21358,49.8,-1.97003,0.252402,0.00808039
-3.65268,-9.30902,49.9,-1.94472,0.253165,0.0076266
-3.41519,-9.39875,50,-1.91933,0.253881,0.00716656
-3.17486,-9.48263,50.1,-1.89387,0.254551,0.0067006
-2.93188,-9.56055,50.2,-1.86836,0.255174,0.00622908
-2.68644,-9.6324,50.3,-1.84278,0.255749,0.00575236
-2.43873,-9.69807,50.4,-1.81715,0.256277,0.0052708
-2.18895,-9.75748,50.5,-1.79148,0.256755,0.00478479
-1.93731,-9.81055,50.6,-1.76576,0.257185,0.00429472
-1.68401,-9.85719,50.7,-1.74,0.257565,0.003801
-1.42926,-9.89733,50.8,-1.71421,0.257895,0.00330402
-1.17329,-9.93093,50.9,-1.6884,0.258175,0.00280422
-0.916307,-9.95793,51,-1.66256,0.258406,0.002302
-0.658532,-9.97829,51.1,-1.6367,0.258585,0.0017978
-0.400187,-9.99199,51.2,-1.61083,0.258715,0.00129204
-0.141497,-9.999,51.3,-1.58495,0.258793,0.000785168
0.117317,-9.99931,51.4,-1.55906,0.258821,0.000277616
0.376029,-9.99293,51.5,-1.53318,0.258798,-0.000230176
0.634415,-9.97986,51.6,-1.50731,0.258724,-0.000737769
0.892253,-9.96011,51.7,-1.48145,0.2586,-0.00124472
1.14932,-9.93373,51.8,-1.45561,0.258425,-0.0017506
1.4054,-9.90075,51.9,-1.42979,0.258199,-0.00225497
1.66026,-9.86121,52,-1.404,0.257923,-0.00275739
1.91371,-9.81518,52.1,-1.37824,0.257598,-0.00325744
2.16552,-9.76271,52.2,-1.35252,0.257222,-0.0037547
2.41548,-9.70389,52.3,-1.32684,0.256797,-0.00424874
2.66339,-9.63879,52.4,-1.3012,0.256323,-0.00473917
2.90905,-9.56752,52.5,-1.27562,0.255801,-0.00522557
3.15227,-9.49016,52.6,-1.2501,0.25523,-0.00570756
3.39285,-9.40683,52.7,-1.22464,0.254612,-0.00618476
3.63062,-9.31765,52.8,-1.19924,0.253946,-0.00665678
3.86538,-9.22273,52.9,-1.17392,0.253234,-0.00712327
4.09698,-9.12221,53,-1.14867,0.252475,-0.00758388
4.32523,-9.01623,53.1,-1.12351,0.251671,-0.00803827
4.55,-8.90492,53.2,-1.09842,0.250823,-0.00848611
4.77111,-8.78843,53.3,-1.07343,0.24993,-0.0089271
4.98844,-8.66692,53.4,-1.04853,0.248994,-0.00936093
5.20184,-8.54054,53.5,-1.02373,0.248015,-0.00978732
5.41117,-8.40947,53.6,-0.999031,0.246995,-0.010206
5.61633,-8.27386,53.7,-0.974438,0.245933,-0.0106167
5.8172,-8.13389,53.8,-0.949955,0.244831,-0.0110192
6.01367,-7.98973,53.9,-0.925586,0.24369,-0.0114133
6.20564,-7.84156,54,-0.901335,0.24251,-0.0117988
6.39303,-7.68955,54.1,-0.877205,0.241292,-0.0121755
6.57574,-7.5339,54.2,-0.853202,0.240038,-0.0125431
6.75372,-7.37477,54.3,-0.829327,0.238748,-0.0129016
6.9269,-7.21236,54.4,-0.805585,0.237423,-0.0132508
7.09521,-7.04684,54.5,-0.781978,0.236064,-0.0135906
7.25861,-6.87841,54.6,-0.758511,0.234672,-0.0139208
7.41706,-6.70725,54.7,-0.735186,0.233247,-0.0142414
7.57052,-6.53355,54.8,-0.712007,0.231792,-0.0145523
7.71897,-6.35747,54.9,-0.688976,0.230307,-0.0148534
7.86239,-6.17922,55,-0.666097,0.228792,-0.0151446
8.00077,-5.99897,55.1,-0.643372,0.22725,-0.015426
8.13411,-5.8169,55.2,-0.620804,0.22568,-0.0156975
8.2624,-5.63318,55.3,-0.598396,0.224084,-0.0159591
8.38567,-5.44799,55.4,-0.57615,0.222463,-0.0162108
8.50391,-5.26151,55.5,-0.554068,0.220818,-0.0164527
8.61717,-5.0739,55.6,-0.532153,0.219149,-0.0166847
8.72546,-4.88532,55.7,-0.510407,0.217459,-0.0169069
8.82882,-4.69595,55.8,-0.488832,0.215747,-0.0171193
8.92729,-4.50594,55.9,-0.467431,0.214014,-0.0173221
9.02091,-4.31545,56,-0.446205,0.212263,-0.0175153
9.10975,-4.12462,56.1,-0.425155,0.210493,-0.017699
9.19384,-3.93361,56.2,-0.404285,0.208706,-0.0178733
9.27325,-3.74256,56.3,-0.383595,0.206902,-0.0180383
9.34805,-3.55161,56.4,-0.363086,0.205082,-0.0181941
9.4183,-3.36089,56.5,-0.342761,0.203248,-0.0183409
9.48408,-3.17054,56.6,-0.322621,0.2014,-0.0184787
9.54545,-2.98067,56.7,-0.302667,0.19954,-0.0186078
9.6025,-2.79142,56.8,-0.282901,0.197667,-0.0187282
9.65531,-2.6029,56.9,-0.263322,0.195783,-0.0188401
9.70395,-2.41522,57,-0.243934,0.193888,-0.0189437
9.74853,-2.22848,57.1,-0.224735,0.191985,-0.0190392
9.78913,-2.0428,57.2,-0.205728,0.190072,-0.0191266
9.82583,-1.85826,57.3,-0.186913,0.188151,-0.0192063
9.85873,-1.67497,57.4,-0.16829,0.186223,-0.0192783
9.88792,-1.49301,57.5,-0.149862,0.184289,-0.0193428
9.9135,-1.31247,57.6,-0.131627,0.182349,-0.0194001
9.93556,-1.13342,57.7,-0.113586,0.180404,-0.0194503
9.9542,-0.955945,57.8,-0.0957407,0.178455,-0.0194936
9.96952,-0.780112,57.9,-0.0780906,0.176502,-0.0195301
9.98162,-0.605988,58,-0.060636,0.174546,-0.0195602
9.99059,-0.433636,58.1,-0.0433772,0.172587,-0.0195839
9.99654,-0.263115,58.2,-0.0263145,0.170627,-0.0196015
9.99955,-0.094478,58.3,-0.00944794,0.168666,-0.0196132
9.99974,0.072224,58.4,0.00722246,0.166704,-0.0196191
9.99719,0.236944,58.5,0.0236967,0.164742,-0.0196195
9.99201,0.399641,58.6,0.0399747,0.162781,-0.0196145
9.98429,0.560274,58.7,0.0560567,0.16082,-0.0196043
9.97413,0.718808,58.8,0.0719429,0.158861,-0.0195892
9.96163,0.875212,58.9,0.0876333,0.156904,-0.0195692
9.94687,1.02946,59,0.103128,0.15495,-0.0195447
9.92996,1.18151,59.1,0.118428,0.152998,-0.0195158
9.91098,1.33137,59.2,0.133533,0.15105,-0.0194826
9.89002,1.47899,59.3,0.148444,0.149105,-0.0194453
9.86719,1.62437,59.4,0.16316,0.147165,-0.0194042
9.84256,1.7675,59.5,0.177683,0.145229,-0.0193594
9.81622,1.90835,59.6,0.192013,0.143298,-0.0193111
9.78826,2.04693,59.7,0.20615,0.141372,-0.0192594
9.75877,2.18323,59.8,0.220095,0.139452,-0.0192046
9.72782,2.31723,59.9,0.233849,0.137537,-0.0191467
9.6955,2.44895,60,0.247412,0.135628,-0.019086
9.66188,2.57838,60.1,0.260784,0.133726,-0.0190226
9.62705,2.70553,60.2,0.273967,0.13183,-0.0189566
9.59108,2.83039,60.3,0.286962,0.129942,-0.0188883
9.55405,2.95298,60.4,0.299768,0.12806,-0.0188177
9.51603,3.0733,60.5,0.312386,0.126185,-0.0187451
9.47709,3.19136,60.6,0.324818,0.124318,-0.0186705
9.4373,3.30718,60.7,0.337064,0.122459,-0.018594
9.39673,3.42075,60.8,0.349124,0.120607,-0.018516
9.35544,3.53211,60.9,0.361001,0.118764,-0.0184364
9.3135,3.64125,61,0.372694,0.116928,-0.0183554
9.27097,3.74821,61.1,0.384204,0.115101,-0.0182731
9.22792,3.85299,61.2,0.395532,0.113282,-0.0181896
9.1844,3.95561,61.3,0.406679,0.111471,-0.0181052
9.14046,4.0561,61.4,0.417646,0.109669,-0.0180198
9.09618,4.15446,61.5,0.428434,0.107876,-0.0179336
9.05159,4.25073,61.6,0.439043,0.106091,-0.0178467
9.00676,4.34492,61.7,0.449474,0.104315,-0.0177592
8.96173,4.43705,61.8,0.459729,0.102548,-0.0176713
8.91655,4.52715,61.9,0.469808,0.10079,-0.0175829
8.87128,4.61524,62,0.479712,0.0990405,-0.0174943
8.82595,4.70134,62.1,0.489442,0.0973,-0.0174054
8.78062,4.78547,62.2,0.498999,0.0955683,-0.0173165
8.73533,4.86766,62.3,0.508383,0.0938456,-0.0172276
8.69011,4.94793,62.4,0.517597,0.0921317,-0.0171387
8.64501,5.02631,62.5,0.526639,0.0904267,-0.01705
8.60007,5.10282,62.6,0.535512,0.0887305,-0.0169615
8.55533,5.17748,62.7,0.544217,0.0870432,-0.0168733
8.51082,5.25032,62.8,0.552753,0.0853646,-0.0167856
8.46658,5.32137,62.9,0.561123,0.0836948,-0.0166982
8.42264,5.39064,63,0.569326,0.0820337,-0.0166114
8.37904,5.45817,63.1,0.577364,0.0803812,-0.0165252
8.33581,5.52398,63.2,0.585238,0.0787372,-0.0164397
8.29297,5.58808,63.3,0.592948,0.0771017,-0.0163549
8.25056,5.65051,63.4,0.600495,0.0754746,-0.0162708
8.2086,5.71129,63.5,0.607881,0.0738559,-0.0161876
8.16713,5.77045,63.6,0.615106,0.0722453,-0.0161053
8.12616,5.828,63.7,0.62217,0.0706429,-0.0160239
8.08572,5.88397,63.8,0.629075,0.0690486,-0.0159435
8.04584,5.93838,63.9,0.635821,0.0674622,-0.0158642
8.00655,5.99126,64,0.642409,0.0658836,-0.0157859
7.96785,6.04263,64.1,0.648841,0.0643127,-0.0157088
7.92978,6.09251,64.2,0.655116,0.0627494,-0.0156329
7.89234,6.14092,64.3,0.661235,0.0611936,-0.0155582
7.85558,6.18788,64.4,0.667199,0.0596451,-0.0154848
7.81949,6.23342,64.5,0.67301,0.0581038,-0.0154126
7.7841,6.27756,64.6,0.678667,0.0565697,-0.0153418
7.74943,6.32031,64.7,0.684171,0.0550424,-0.0152724
7.71549,6.36169,64.8,0.689523,0.053522,-0.0152044
7.6823,6.40173,64.9,0.694724,0.0520082,-0.0151378
7.64988,6.44045,65,0.699774,0.0505009,-0.0150727
7.61823,6.47786,65.1,0.704674,0.049,-0.0150091
7.58737,6.51397,65.2,0.709425,0.0475053,-0.014947
7.55731,6.54882,65.3,0.714026,0.0460167,-0.0148864
7.52807,6.58241,65.4,0.71848,0.0445339,-0.0148274
7.49966,6.61476,65.5,0.722785,0.0430569,-0.0147701
7.47209,6.64589,65.6,0.726944,0.0415855,-0.0147143
7.44537,6.67582,65.7,0.730956,0.0401195,-0.0146602
7.4195,6.70455,65.8,0.734822,0.0386587,-0.0146078
7.39451,6.73211,65.9,0.738542,0.037203,-0.0145571
7.37039,6.7585,66,0.742117,0.0357522,-0.014508
7.34716,6.78374,66.1,0.745548,0.0343061,-0.0144607
7.32483,6.80785,66.2,0.748834,0.0328646,-0.0144151
7.3034,6.83084,66.3,0.751977,0.0314275,-0.0143713
7.28288,6.85272,66.4,0.754977,0.0299945,-0.0143293
7.26327,6.87349,66.5,0.757833,0.0285656,-0.014289
7.24459,6.89318,66.6,0.760547,0.0271406,-0.0142505
7.22684,6.91179,66.7,0.763119,0.0257192,-0.0142139
7.21002,6.92933,66.8,0.765549,0.0243013,-0.0141791
7.19414,6.94581,66.9,0.767838,0.0228867,-0.0141461
7.17921,6.96125,67,0.769985,0.0214752,-0.0141149
7.16523,6.97564,67.1,0.771992,0.0200666,-0.0140856
7.1522,6.989,67.2,0.773858,0.0186608,-0.0140582
7.14012,7.00133,67.3,0.775584,0.0172576,-0.0140326
7.12901,7.01264,67.4,0.77717,0.0158567,-0.0140089
7.11887,7.02294,67.5,0.778615,0.0144579,-0.0139871
7.10969,7.03224,67.6,0.779921,0.0130612,-0.0139672
7.10148,7.04053,67.7,0.781088,0.0116663,-0.0139492
7.09424,7.04782,67.8,0.782115,0.010273,-0.0139331
7.08798,7.05411,67.9,0.783004,0.00888111,-0.0139189
7.08269,7.05942,68,0.783753,0.00749044,-0.0139066
7.07839,7.06374,68.1,0.784363,0.00610082,-0.0138962
7.07506,7.06708,68.2,0.784834,0.00471204,-0.0138878
7.07271,7.06943,68.3,0.785166,0.00332391,-0.0138813
7.07134,7.0708,68.4,0.78536,0.00193625,-0.0138767
7.07095,7.07119,68.5,0.785415,0.000548851,-0.013874
7.07154,7.07059,68.6,0.785331,-0.000838469,-0.0138732
7.07312,7.06902,68.7,0.785108,-0.00222591,-0.0138744
7.07567,7.06646,68.8,0.784747,-0.00361365,-0.0138775
7.0792,7.06292,68.9,0.784247,-0.0050019,-0.0138825
7.08372,7.0584,69,0.783608,-0.00639084,-0.0138894
7.08921,7.05288,69.1,0.78283,-0.00778066,-0.0138983
7.09567,7.04638,69.2,0.781912,-0.00917157,-0.013909
7.10311,7.03888,69.3,0.780856,-0.0105637,-0.0139217
7.11152,7.03038,69.4,0.77966,-0.0119574,-0.0139363
7.1209,7.02088,69.5,0.778325,-0.0133526,-0.0139528
7.13125,7.01037,69.6,0.77685,-0.0147498,-0.0139712
7.14256,6.99884,69.7,0.775235,-0.0161489,-0.0139915
7.15484,6.98629,69.8,0.77348,-0.0175503,-0.0140137
7.16807,6.97272,69.9,0.771585,-0.0189541,-0.0140378
7.18225,6.95811,70,0.769549,-0.0203604,-0.0140637
7.19738,6.94246,70.1,0.767372,-0.0217696,-0.0140916
7.21345,6.92576,70.2,0.765054,-0.0231817,-0.0141213
7.23047,6.90799,70.3,0.762594,-0.024597,-0.0141528
7.24841,6.88916,70.4,0.759992,-0.0260156,-0.0141862
7.26729,6.86924,70.5,0.757249,-0.0274378,-0.0142214
7.28708,6.84824,70.6,0.754362,-0.0288636,-0.0142584
7.3078,6.82613,70.7,0.751333,-0.0302933,-0.0142973
7.32942,6.80291,70.8,0.74816,-0.0317271,-0.0143379
7.35194,6.77857,70.9,0.744844,-0.0331652,-0.0143803
7.37535,6.75308,71,0.741383,-0.0346076,-0.0144245
7.39965,6.72645,71.1,0.737777,-0.0360546,-0.0144704
7.42483,6.69865,71.2,0.734027,-0.0375065,-0.0145181
7.45087,6.66967,71.3,0.73013,-0.0389632,-0.0145675
7.47778,6.63949,71.4,0.726088,-0.0404251,-0.0146186
7.50552,6.60811,71.5,0.721899,-0.0418922,-0.0146714
7.53411,6.5755,71.6,0.717562,-0.0433648,-0.0147258
7.56352,6.54165,71.7,0.713078,-0.044843,-0.0147819
7.59374,6.50654,71.8,0.708445,-0.046327,-0.0148396
7.62477,6.47015,71.9,0.703664,-0.0478168,-0.0148989
7.65658,6.43248,72,0.698732,-0.0493128,-0.0149598
7.68917,6.39349,72.1,0.693651,-0.050815,-0.0150222
7.72252,6.35317,72.2,0.688418,-0.0523237,-0.0150862
7.75661,6.3115,72.3,0.683035,-0.0538388,-0.0151516
7.79143,6.26846,72.4,0.677498,-0.0553607,-0.0152185
7.82697,6.22403,72.5,0.67181,-0.0568893,-0.0152868
7.8632,6.1782,72.6,0.665967,-0.058425,-0.0153565
7.9001,6.13093,72.7,0.65997,-0.0599678,-0.0154276
7.93767,6.08222,72.8,0.653818,-0.0615178,-0.0155
7.97588,6.03203,72.9,0.647511,-0.0630751,-0.0155737
8.0147,5.98035,73,0.641047,-0.06464,-0.0156487
8.05412,5.92715,73.1,0.634426,-0.0662125,-0.0157248
8.09412,5.87241,73.2,0.627646,-0.0677927,-0.0158022
8.13467,5.81612,73.3,0.620708,-0.0693808,-0.0158807
8.17574,5.75823,73.4,0.613611,-0.0709768,-0.0159602
8.21732,5.69874,73.5,0.606353,-0.0725809,-0.0160408
8.25937,5.63762,73.6,0.598933,-0.0741931,-0.0161224
8.30188,5.57484,73.7,0.591352,-0.0758136,-0.0162049
8.3448,5.51038,73.8,0.583608,-0.0774424,-0.0162883
8.38812,5.44422,73.9,0.5757,-0.0790797,-0.0163725
8.43179,5.37633,74,0.567627,-0.0807254,-0.0164575
8.47579,5.30669,74.1,0.559389,-0.0823797,-0.0165432
8.52009,5.23527,74.2,0.550985,-0.0840427,-0.0166295
8.56465,5.16205,74.3,0.542413,-0.0857143,-0.0167164
8.60944,5.087,74.4,0.533674,-0.0873947,-0.0168039
8.65441,5.0101,74.5,0.524766,-0.0890839,-0.0168917
8.69954,4.93133,74.6,0.515687,-0.0907819,-0.01698
8.74478,4.85066,74.7,0.506439,-0.0924887,-0.0170685
8.79008,4.76807,74.8,0.497018,-0.0942045,-0.0171573
8.83542,4.68353,74.9,0.487425,-0.0959291,-0.0172461
8.88074,4.59701,75,0.477659,-0.0976626,-0.0173351
8.92599,4.50851,75.1,0.467718,-0.099405,-0.017424
8.97114,4.41799,75.2,0.457603,-0.101156,-0.0175128
9.01613,4.32543,75.3,0.447311,-0.102916,-0.0176014
9.06092,4.23081,75.4,0.436843,-0.104685,-0.0176897
9.10545,4.1341,75.5,0.426196,-0.106463,-0.0177775
9.14967,4.0353,75.6,0.415371,-0.10825,-0.0178649
9.19352,3.93437,75.7,0.404367,-0.110045,-0.0179516
9.23695,3.8313,75.8,0.393182,-0.111849,-0.0180377
9.2799,3.72606,75.9,0.381816,-0.113661,-0.0181229
9.3223,3.61865,76,0.370268,-0.115482,-0.0182072
9.36411,3.50904,76.1,0.358537,-0.117311,-0.0182904
9.40526,3.39723,76.2,0.346622,-0.119148,-0.0183724
9.44567,3.28318,76.3,0.334523,-0.120993,-0.0184531
9.48529,3.1669,76.4,0.322238,-0.122846,-0.0185324
9.52405,3.04837,76.5,0.309767,-0.124707,-0.0186101
9.56187,2.92758,76.6,0.29711,-0.126576,-0.0186862
9.59868,2.80452,76.7,0.284264,-0.128452,-0.0187604
9.63442,2.67918,76.8,0.271231,-0.130335,-0.0188326
9.669,2.55155,76.9,0.258008,-0.132226,-0.0189027
9.70235,2.42164,77,0.244596,-0.134123,-0.0189706
9.73439,2.28945,77.1,0.230993,-0.136026,-0.019036
9.76505,2.15496,77.2,0.2172,-0.137936,-0.0190989
9.79423,2.01819,77.3,0.203215,-0.139852,-0.019159
9.82186,1.87913,77.4,0.189037,-0.141774,-0.0192163
9.84784,1.7378,77.5,0.174667,-0.143701,-0.0192705
9.87211,1.59421,77.6,0.160104,-0.145633,-0.0193215
9.89456,1.44836,77.7,0.145347,-0.14757,-0.0193691
9.9151,1.30027,77.8,0.130396,-0.149511,-0.0194131
9.93366,1.14995,77.9,0.11525,-0.151456,-0.0194534
9.95013,0.997436,78,0.0999097,-0.153405,-0.0194898
9.96443,0.842739,78.1,0.0843739,-0.155358,-0.0195222
9.97645,0.685888,78.2,0.0686427,-0.157313,-0.0195502
9.98611,0.526913,78.3,0.0527157,-0.15927,-0.0195738
9.99331,0.365846,78.4,0.0365927,-0.161229,-0.0195927
9.99794,0.202723,78.5,0.0202737,-0.16319,-0.0196069
9.99993,0.0375857,78.6,0.00375858,-0.165152,-0.019616
9.99916,-0.129524,78.7,-0.0129528,-0.167114,-0.0196199
9.99554,-0.298559,78.8,-0.0298603,-0.169075,-0.0196184
9.98897,-0.469467,78.9,-0.046964,-0.171037,-0.0196113
9.97936,-0.642194,79,-0.0642636,-0.172996,-0.0195984
9.9666,-0.81668,79.1,-0.081759,-0.174954,-0.0195795
9.95059,-0.992862,79.2,-0.09945,-0.17691,-0.0195545
9.93124,-1.17067,79.3,-0.117336,-0.178862,-0.0195231
9.90845,-1.35004,79.4,-0.135417,-0.180811,-0.0194851
9.88213,-1.53088,79.5,-0.153693,-0.182755,-0.0194404
9.85217,-1.71313,79.6,-0.172162,-0.184693,-0.0193887
9.81848,-1.89669,79.7,-0.190825,-0.186626,-0.01933
9.78098,-2.08147,79.8,-0.20968,-0.188553,-0.0192639
9.73956,-2.26738,79.9,-0.228727,-0.190472,-0.0191903
9.69414,-2.45432,80,-0.247965,-0.192383,-0.019109
9.64463,-2.64219,80.1,-0.267394,-0.194285,-0.0190199
9.59094,-2.83087,80.2,-0.287012,-0.196177,-0.0189228
9.533,-3.02026,80.3,-0.306818,-0.198059,-0.0188174
9.47071,-3.21024,80.4,-0.32681,-0.199929,-0.0187037
9.40401,-3.40068,80.5,-0.346989,-0.201787,-0.0185815
9.33281,-3.59146,80.6,-0.367352,-0.203632,-0.0184507
9.25706,-3.78244,80.7,-0.387899,-0.205463,-0.018311
9.17667,-3.9735,80.8,-0.408627,-0.20728,-0.0181624
9.0916,-4.16448,80.9,-0.429535,-0.20908,-0.0180046
9.00177,-4.35525,81,-0.450621,-0.210864,-0.0178377
8.90713,-4.54565,81.1,-0.471884,-0.21263,-0.0176615
8.80765,-4.73554,81.2,-0.493322,-0.214378,-0.0174758
8.70326,-4.92476,81.3,-0.514933,-0.216106,-0.0172806
8.59394,-5.11315,81.4,-0.536714,-0.217813,-0.0170758
8.47964,-5.30054,81.5,-0.558664,-0.219499,-0.0168613
8.36035,-5.48676,81.6,-0.58078,-0.221163,-0.0166371
8.23604,-5.67166,81.7,-0.60306,-0.222803,-0.016403
8.10669,-5.85505,81.8,-0.625502,-0.224419,-0.0161591
7.9723,-6.03675,81.9,-0.648103,-0.22601,-0.0159053
7.83287,-6.2166,82,-0.670861,-0.227574,-0.0156417
7.6884,-6.39442,82.1,-0.693772,-0.229111,-0.0153681
7.5389,-6.57001,82.2,-0.716834,-0.230619,-0.0150846
7.38439,-6.7432,82.3,-0.740044,-0.232098,-0.0147913
7.22491,-6.91381,82.4,-0.763398,-0.233547,-0.0144882
7.06048,-7.08164,82.5,-0.786895,-0.234965,-0.0141753
6.89115,-7.24652,82.6,-0.81053,-0.23635,-0.0138527
6.71696,-7.40827,82.7,-0.8343,-0.237702,-0.0135204
6.53799,-7.56668,82.8,-0.858202,-0.23902,-0.0131787
6.35429,-7.72159,82.9,-0.882232,-0.240303,-0.0128275
6.16594,-7.87281,83,-0.906387,-0.241549,-0.0124671
5.97302,-8.02016,83.1,-0.930663,-0.242759,-0.0120976
5.77563,-8.16346,83.2,-0.955056,-0.243931,-0.0117191
5.57386,-8.30254,83.3,-0.979563,-0.245064,-0.0113318
5.36781,-8.43721,83.4,-1.00418,-0.246158,-0.0109359
5.15762,-8.56732,83.5,-1.0289,-0.247211,-0.0105317
4.94339,-8.69269,83.6,-1.05372,-0.248223,-0.0101192
4.72526,-8.81317,83.7,-1.07864,-0.249193,-0.00969893
4.50337,-8.92859,83.8,-1.10365,-0.25012,-0.00927097
4.27787,-9.0388,83.9,-1.12875,-0.251004,-0.00883562
4.0489,-9.14365,84,-1.15394,-0.251843,-0.00839318
3.81663,-9.24302,84.1,-1.1792,-0.252637,-0.00794394
3.58122,-9.33675,84.2,-1.20454,-0.253386,-0.00748823
3.34286,-9.42472,84.3,-1.22995,-0.254089,-0.00702636
3.10171,-9.50681,84.4,-1.25542,-0.254745,-0.00655869
2.85796,-9.5829,84.5,-1.28096,-0.255353,-0.00608555
2.61182,-9.6529,84.6,-1.30655,-0.255914,-0.00560733
2.36346,-9.71669,84.7,-1.33219,-0.256426,-0.00512438
2.11309,-9.77419,84.8,-1.35788,-0.25689,-0.00463711
1.86093,-9.82532,84.9,-1.38361,-0.257305,-0.00414589
1.60717,-9.87001,85,-1.40938,-0.25767,-0.00365114
1.35203,-9.90818,85.1,-1.43518,-0.257985,-0.00315327
1.09573,-9.93979,85.2,-1.461,-0.25825,-0.00265269
0.838484,-9.96479,85.3,-1.48685,-0.258465,-0.00214982
0.580513,-9.98314,85.4,-1.51271,-0.25863,-0.0016451
0.32204,-9.99481,85.5,-1.53859,-0.258744,-0.00113897
0.0632884,-9.9998,85.6,-1.56447,-0.258807,-0.000631843
-0.195518,-9.99809,85.7,-1.59035,-0.258819,-0.000124172
-0.454155,-9.98968,85.8,-1.61623,-0.258781,0.000383606
-0.712399,-9.97459,85.9,-1.6421,-0.258692,0.000891052
-0.970028,-9.95284,86,-1.66795,-0.258552,0.00139773
-1.22682,-9.92446,86.1,-1.69379,-0.258362,0.00190319
-1.48255,-9.88949,86.2,-1.7196,-0.258121,0.00240702
-1.73701,-9.84798,86.3,-1.74538,-0.25783,0.00290877
-1.98998,-9.8,86.4,-1.77113,-0.257489,0.00340802
-2.24126,-9.7456,86.5,-1.79684,-0.257099,0.00390435
-2.49062,-9.68488,86.6,-1.82251,-0.256659,0.00439734
-2.73787,-9.6179,86.7,-1.84812,-0.256171,0.0048866
-2.98282,-9.54478,86.8,-1.87369,-0.255633,0.00537171
-3.22526,-9.46561,86.9,-1.89919,-0.255048,0.00585229
-3.46501,-9.3805,87,-1.92463,-0.254415,0.00632796
-3.70188,-9.28957,87.1,-1.95001,-0.253736,0.00679835
-3.93571,-9.19294,87.2,-1.97531,-0.253009,0.0072631
-4.16631,-9.09076,87.3,-2.00053,-0.252237,0.00772186
-4.39353,-8.98314,87.4,-2.02567,-0.25142,0.00817431
-4.61721,-8.87025,87.5,-2.05073,-0.250558,0.00862011
-4.83719,-8.75223,87.6,-2.0757,-0.249652,0.00905896
-5.05335,-8.62924,87.7,-2.10057,-0.248703,0.00949057
-5.26553,-8.50142,87.8,-2.12534,-0.247711,0.00991466
-5.47362,-8.36896,87.9,-2.15,-0.246678,0.010331
-5.67749,-8.23202,88,-2.17457,-0.245604,0.0107392
-5.87704,-8.09076,88.1,-2.19901,-0.24449,0.0111392
-6.07216,-7.94537,88.2,-2.22335,-0.243337,0.0115308
-6.26275,-7.79602,88.3,-2.24756,-0.242146,0.0119136
-6.44874,-7.64289,88.4,-2.27165,-0.240917,0.0122875
-6.63003,-7.48617,88.5,-2.29562,-0.239652,0.0126524
-6.80656,-7.32603,88.6,-2.31945,-0.238351,0.0130081
-6.97827,-7.16266,88.7,-2.34316,-0.237016,0.0133545
-7.14511,-6.99625,88.8,-2.36672,-0.235646,0.0136914
-7.30701,-6.82697,88.9,-2.39015,-0.234245,0.0140187
-7.46396,-6.65502,89,-2.41343,-0.232811,0.0143364
-7.61591,-6.48058,89.1,-2.43656,-0.231346,0.0146443
-7.76284,-6.30383,89.2,-2.45955,-0.229852,0.0149424
-7.90474,-6.12495,89.3,-2.48238,-0.228329,0.0152307
-8.0416,-5.94413,89.4,-2.50506,-0.226778,0.0155091
-8.17341,-5.76154,89.5,-2.52758,-0.2252,0.0157776
-8.30018,-5.57736,89.6,-2.54994,-0.223597,0.0160362
-8.42193,-5.39177,89.7,-2.57213,-0.221968,0.016285
-8.53866,-5.20492,89.8,-2.59417,-0.220316,0.0165238
-8.65041,-5.01701,89.9,-2.61603,-0.218641,0.0167529
-8.75721,-4.82817,90,-2.63772,-0.216943,0.0169721
-8.85909,-4.63859,90.1,-2.65925,-0.215225,0.0171816
-8.95609,-4.44842,90.2,-2.68059,-0.213487,0.0173815
-9.04826,-4.25781,90.3,-2.70177,-0.21173,0.0175718
-9.13566,-4.06691,90.4,-2.72276,-0.209955,0.0177527
-9.21833,-3.87588,90.5,-2.74358,-0.208162,0.0179242
-9.29634,-3.68484,90.6,-2.76421,-0.206354,0.0180864
-9.36976,-3.49395,90.7,-2.78467,-0.20453,0.0182394
-9.43865,-3.30332,90.8,-2.80494,-0.202691,0.0183835
-9.50308,-3.11311,90.9,-2.82502,-0.200839,0.0185186
-9.56314,-2.92341,91,-2.84492,-0.198975,0.018645
-9.6189,-2.73437,91.1,-2.86463,-0.197099,0.0187629
-9.67044,-2.54609,91.2,-2.88415,-0.195211,0.0188723
-9.71785,-2.35868,91.3,-2.90348,-0.193314,0.0189734
-9.76121,-2.17225,91.4,-2.92262,-0.191407,0.0190664
-9.80062,-1.98691,91.5,-2.94157,-0.189492,0.0191515
-9.83616,-1.80274,91.6,-2.96033,-0.187569,0.0192288
-9.86793,-1.61984,91.7,-2.97889,-0.18564,0.0192986
-9.89602,-1.4383,91.8,-2.99726,-0.183704,0.0193609
-9.92053,-1.2582,91.9,-3.01544,-0.181762,0.019416
-9.94155,-1.07962,92,-3.03342,-0.179815,0.0194641
-9.95918,-0.902634,92.1,-3.05121,-0.177865,0.0195053
-9.97352,-0.727311,92.2,-3.0688,-0.175911,0.0195399
-9.98466,-0.553716,92.3,-3.08619,-0.173954,0.019568
-9.9927,-0.381911,92.4,-3.10339,-0.171995,0.0195899
-9.99775,-0.211953,92.5,-3.1204,-0.170035,0.0196057
-9.9999,-0.0438962,92.6,-3.1372,-0.168073,0.0196156
-9.99925,0.122212,92.7,-3.15381,-0.166111,0.0196198
-9.9959,0.286325,92.8,-3.17023,-0.164149,0.0196185
-9.98994,0.448402,92.9,-3.18645,-0.162188,0.019612
-9.98148,0.608404,93,-3.20247,-0.160228,0.0196003
-9.9706,0.766298,93.1,-3.2183,-0.15827,0.0195837
-9.9574,0.922051,93.2,-3.23393,-0.156313,0.0195623
-9.94198,1.07564,93.3,-3.24936,-0.15436,0.0195364
-9.92443,1.22703,93.4,-3.26461,-0.152409,0.0195062
-9.90485,1.37621,93.5,-3.27965,-0.150462,0.0194717
-9.88332,1.52316,93.6,-3.2945,-0.148519,0.0194333
-9.85993,1.66786,93.7,-3.30916,-0.14658,0.0193911
-9.83478,1.8103,93.8,-3.32363,-0.144645,0.0193452
-9.80794,1.95047,93.9,-3.3379,-0.142715,0.0192958
-9.77951,2.08836,94,-3.35198,-0.140791,0.0192432
-9.74956,2.22396,94.1,-3.36586,-0.138872,0.0191874
-9.71819,2.35728,94.2,-3.37956,-0.13696,0.0191286
-9.68547,2.48831,94.3,-3.39307,-0.135053,0.0190671
-9.65148,2.61705,94.4,-3.40638,-0.133153,0.0190029
-9.6163,2.7435,94.5,-3.41951,-0.131259,0.0189362
-9.58,2.86768,94.6,-3.43244,-0.129372,0.0188672
-9.54266,2.98958,94.7,-3.44519,-0.127493,0.018796
-9.50436,3.10922,94.8,-3.45776,-0.12562,0.0187227
-9.46515,3.2266,94.9,-3.47013,-0.123756,0.0186475
-9.42512,3.34173,95,-3.48232,-0.121898,0.0185706
-9.38432,3.45464,95.1,-3.49433,-0.120049,0.0184921
-9.34283,3.56532,95.2,-3.50615,-0.118208,0.018412
-9.30071,3.67381,95.3,-3.51778,-0.116375,0.0183306
-9.25801,3.7801,95.4,-3.52924,-0.11455,0.018248
-9.21481,3.88423,95.5,-3.54051,-0.112734,0.0181642
-9.17116,3.9862,95.6,-3.5516,-0.110926,0.0180795
-9.12711,4.08605,95.7,-3.56252,-0.109126,0.0179938
-9.08273,4.18378,95.8,-3.57325,-0.107336,0.0179074
-9.03807,4.27941,95.9,-3.58381,-0.105554,0.0178203
-8.99317,4.37298,96,-3.59418,-0.10378,0.0177327
-8.94809,4.46449,96.1,-3.60439,-0.102016,0.0176446
-8.90288,4.55398,96.2,-3.61441,-0.10026,0.0175562
-8.85758,4.64146,96.3,-3.62426,-0.0985136,0.0174674
-8.81225,4.72697,96.4,-3.63394,-0.0967757,0.0173786
-8.76693,4.81051,96.5,-3.64345,-0.0950468,0.0172896
-8.72165,4.89212,96.6,-3.65278,-0.0933267,0.0172007
-8.67647,4.97181,96.7,-3.66194,-0.0916155,0.0171119
-8.63141,5.04962,96.8,-3.67093,-0.0899132,0.0170232
-8.58653,5.12557,96.9,-3.67975,-0.0882197,0.0169348
-8.54185,5.19968,97,-3.68841,-0.086535,0.0168468
-8.49742,5.27198,97.1,-3.69689,-0.0848591,0.0167591
-8.45327,5.34249,97.2,-3.70521,-0.0831919,0.0166719
-8.40943,5.41123,97.3,-3.71337,-0.0815334,0.0165853
-8.36594,5.47824,97.4,-3.72135,-0.0798835,0.0164993
-8.32282,5.54353,97.5,-3.72918,-0.0782421,0.016414
-8.28011,5.60712,97.6,-3.73684,-0.0766091,0.0163294
-8.23783,5.66905,97.7,-3.74434,-0.0749846,0.0162456
-8.19602,5.72934,97.8,-3.75167,-0.0733683,0.0161626
-8.15469,5.78801,97.9,-3.75885,-0.0717603,0.0160806
-8.11388,5.84508,98,-3.76587,-0.0701603,0.0159995
-8.07361,5.90058,98.1,-3.77272,-0.0685684,0.0159194
-8.03391,5.95452,98.2,-3.77942,-0.0669843,0.0158404
-7.99479,6.00694,98.3,-3.78596,-0.0654081,0.0157625
-7.95628,6.05786,98.4,-3.79235,-0.0638395,0.0156858
-7.9184,6.10729,98.5,-3.79857,-0.0622785,0.0156102
-7.88116,6.15526,98.6,-3.80465,-0.0607249,0.0155359
-7.8446,6.20179,98.7,-3.81056,-0.0591786,0.0154628
-7.80872,6.24691,98.8,-3.81633,-0.0576395,0.0153911
-7.77355,6.29062,98.9,-3.82194,-0.0561074,0.0153207
-7.7391,6.33296,99,-3.8274,-0.0545822,0.0152517
-7.70539,6.37393,99.1,-3.8327,-0.0530638,0.0151841
-7.67242,6.41357,99.2,-3.83786,-0.051552,0.015118
-7.64023,6.45189,99.3,-3.84286,-0.0500467,0.0150533
-7.60882,6.48891,99.4,-3.84772,-0.0485477,0.0149901
-7.5782,6.52464,99.5,-3.85242,-0.0470548,0.0149285
-7.54839,6.5591,99.6,-3.85698,-0.045568,0.0148684
-7.5194,6.59232,99.7,-3.86139,-0.044087,0.0148099
-7.49124,6.6243,99.8,-3.86565,-0.0426117,0.0147531
-7.46392,6.65506,99.9,-3.86976,-0.0411419,0.0146978
